resolution;sharpening;clahe;blur_type;blur_kernel_size;success_rate;
1920x1080;True;False;None;3;61.3852;
1920x1080;True;False;None;5;61.3852;
1920x1080;True;False;median;3;61.1958;
1920x1080;True;False;median;5;61.5461;
1920x1080;True;False;gaussian;3;60.8644;
1920x1080;True;False;bilateral;3;60.9496;
1920x1080;True;False;gaussian;5;61.2715;
1920x1080;True;False;bilateral;5;61.5130;
1920x1080;False;False;None;5;61.2479;
1920x1080;False;False;None;3;61.2479;
1920x1080;False;False;median;3;61.8538;
1920x1080;False;False;median;5;62.2467;
1920x1080;False;False;bilateral;3;61.6550;
1920x1080;False;False;gaussian;3;61.6408;
1920x1080;False;False;bilateral;5;62.0384;
1920x1080;False;False;gaussian;5;61.8822;
1280x720;True;False;None;3;61.6692;
1280x720;True;False;None;5;61.6692;
1280x720;True;False;median;3;61.6455;
1280x720;True;False;median;5;61.3141;
1280x720;True;False;bilateral;3;61.4372;
1280x720;True;False;gaussian;3;61.3804;
1280x720;True;False;bilateral;5;62.2751;
1280x720;True;False;gaussian;5;61.8538;
1280x720;False;False;None;3;61.6503;
1280x720;False;False;None;5;61.6503;
1280x720;False;False;median;3;62.2467;
1280x720;False;False;median;5;62.1142;
1280x720;False;False;bilateral;3;62.0763;
1280x720;False;False;gaussian;3;62.0148;
1280x720;False;False;bilateral;5;62.2183;
960x540;True;False;None;3;61.1059;
1280x720;False;False;gaussian;5;62.0526;
960x540;True;False;None;5;61.1059;
960x540;True;False;median;3;62.7249;
960x540;True;False;bilateral;3;61.9248;
960x540;True;False;median;5;61.2384;
960x540;True;False;gaussian;3;61.5840;
960x540;True;False;bilateral;5;62.4314;
960x540;False;False;None;3;61.8585;
960x540;True;False;gaussian;5;61.8633;
960x540;False;False;None;5;61.8585;
960x540;False;False;median;3;62.4882;
960x540;False;False;bilateral;3;62.2893;
960x540;False;False;median;5;61.4467;
960x540;False;False;gaussian;3;61.9864;
960x540;False;False;bilateral;5;62.0100;
960x540;False;False;gaussian;5;61.6313;
640x360;True;False;None;3;59.7993;
640x360;True;False;None;5;59.7993;
640x360;True;False;median;3;63.1225;
640x360;True;False;median;5;60.1259;
640x360;True;False;bilateral;3;63.1225;
640x360;True;False;bilateral;5;62.4124;
640x360;True;False;gaussian;3;61.7686;
640x360;False;False;None;3;62.1852;
640x360;True;False;gaussian;5;61.3615;
640x360;False;False;None;5;62.1852;
640x360;False;False;median;3;61.8585;
640x360;False;False;bilateral;3;61.7213;
640x360;False;False;median;5;58.4548;
640x360;False;False;gaussian;3;61.0538;
640x360;False;False;bilateral;5;60.3768;
640x360;False;False;gaussian;5;59.3022;