data_hora,modelo,acuracia_%,f1_macro_%,amostras_treino,augmentation,n_aumentos
2026-09-20 15:08:01,lstm,50.00,47.55,8052,sim,5
2026-09-20 15:38:08,lstm,40.00,35.17,1342,nao,0
2026-09-21 10:19:37,lstm_aug,47.50,43.52,8052,sim,5
2026-09-21 10:51:11,lstm,37.50,31.41,1342,nao,0
2026-09-23 12:40:17,kmeans,33.75,28.94,1680,nao,0
2026-09-28 14:51:57,lstm_aug,50.00,45.24,8052,sim,5
2026-09-28 16:01:41,lstm,38.75,37.56,1342,nao,0
2026-09-29 10:45:14,kmeans_processed_aug_15,29.03,23.51,14382,sim,5
2026-09-29 10:47:31,kmeans_processed_15,29.03,23.15,2397,nao,0
2026-09-29 11:01:58,kmeans_knn_processed_aug_15,23.66,17.04,14382,sim,5
2026-09-29 11:03:34,kmeans_knn_processed_15,16.13,13.23,2397,nao,0
2026-09-30 12:22:32,lstm_processed_aug_15,51.61,47.30,14382,sim,5
2026-09-30 13:24:09,lstm_processed_15,44.09,39.83,2397,nao,0
2026-10-01 04:43:33,lstm_minds_aug,95.47,95.04,7032,sim,5
2026-10-01 10:21:55,kmeans_minds_aug,63.98,63.69,7032,sim,5
2026-10-01 10:23:04,kmeans_minds,62.40,60.75,1172,nao,0
2026-10-01 10:30:54,kmeans_knn_minds_aug,40.35,40.67,7032,sim,5
2026-10-01 10:31:47,kmeans_knn_minds,42.13,40.56,1172,nao,0
2026-10-01 14:51:59,lstm_minds,94.09,93.92,1172,nao,0
--- pos correção vazamento de dados
2026-10-01 17:31:43,kmeans_minds_aug,60.43,60.49,5622,sim,5
2026-10-01 17:32:44,kmeans_minds,60.43,60.11,937,nao,0
2026-10-01 17:39:26,kmeans_knn_minds_aug,36.42,36.89,5622,sim,5
2026-10-01 17:40:30,kmeans_knn_minds,41.34,40.26,937,nao,0
2026-10-01 18:26:21,lstm_minds,93.50,93.21,937,nao,0
