label,dataset,origin,file
acontecer,MINDS,Sinalizador011,acontecer\minds\minds_01.mp4
acontecer,MINDS,Sinalizador012,acontecer\minds\minds_02.mp4
acontecer,MINDS,Sinalizador013,acontecer\minds\minds_03.mp4
acontecer,MINDS,Sinalizador014,acontecer\minds\minds_04.mp4
acontecer,MINDS,Sinalizador015,acontecer\minds\minds_05.mp4
acontecer,MINDS,Sinalizador021,acontecer\minds\minds_06.mp4
acontecer,MINDS,Sinalizador022,acontecer\minds\minds_07.mp4
acontecer,MINDS,Sinalizador023,acontecer\minds\minds_08.mp4
acontecer,MINDS,Sinalizador024,acontecer\minds\minds_09.mp4
acontecer,MINDS,Sinalizador025,acontecer\minds\minds_10.mp4
acontecer,MINDS,Sinalizador051,acontecer\minds\minds_11.mp4
acontecer,MINDS,Sinalizador052,acontecer\minds\minds_12.mp4
acontecer,MINDS,Sinalizador053,acontecer\minds\minds_13.mp4
acontecer,MINDS,Sinalizador054,acontecer\minds\minds_14.mp4
acontecer,MINDS,Sinalizador055,acontecer\minds\minds_15.mp4
acontecer,MINDS,Sinalizador061,acontecer\minds\minds_16.mp4
acontecer,MINDS,Sinalizador062,acontecer\minds\minds_17.mp4
acontecer,MINDS,Sinalizador063,acontecer\minds\minds_18.mp4
acontecer,MINDS,Sinalizador064,acontecer\minds\minds_19.mp4
acontecer,MINDS,Sinalizador065,acontecer\minds\minds_20.mp4
acontecer,MINDS,Sinalizador081,acontecer\minds\minds_21.mp4
acontecer,MINDS,Sinalizador082,acontecer\minds\minds_22.mp4
acontecer,MINDS,Sinalizador083,acontecer\minds\minds_23.mp4
acontecer,MINDS,Sinalizador084,acontecer\minds\minds_24.mp4
acontecer,MINDS,Sinalizador085,acontecer\minds\minds_25.mp4
acontecer,MINDS,Sinalizador101,acontecer\minds\minds_26.mp4
acontecer,MINDS,Sinalizador102,acontecer\minds\minds_27.mp4
acontecer,MINDS,Sinalizador103,acontecer\minds\minds_28.mp4
acontecer,MINDS,Sinalizador104,acontecer\minds\minds_29.mp4
acontecer,MINDS,Sinalizador105,acontecer\minds\minds_30.mp4
acontecer,MINDS,Sinalizador111,acontecer\minds\minds_31.mp4
acontecer,MINDS,Sinalizador112,acontecer\minds\minds_32.mp4
acontecer,MINDS,Sinalizador113,acontecer\minds\minds_33.mp4
acontecer,MINDS,Sinalizador114,acontecer\minds\minds_34.mp4
acontecer,MINDS,Sinalizador115,acontecer\minds\minds_35.mp4
acontecer,MINDS,Sinalizador121,acontecer\minds\minds_36.mp4
acontecer,MINDS,Sinalizador122,acontecer\minds\minds_37.mp4
acontecer,MINDS,Sinalizador123,acontecer\minds\minds_38.mp4
acontecer,MINDS,Sinalizador124,acontecer\minds\minds_39.mp4
acontecer,MINDS,Sinalizador125,acontecer\minds\minds_40.mp4
acontecer,MALTA,Acessibilidades3,acontecer\malta\malta_01.mp4
acontecer,MALTA,Acessibilidades3,acontecer\malta\malta_02.mp4
acontecer,MALTA,Acessibilidades3,acontecer\malta\malta_03.mp4
acontecer,MALTA,SpreadTheSign,acontecer\malta\malta_04.mp4
acontecer,MALTA,UFSC,acontecer\malta\malta_05.mp4
acontecer,MALTA,UFSC,acontecer\malta\malta_06.mp4
acontecer,MALTA,UFV,acontecer\malta\malta_07.mp4
aluno,MINDS,Sinalizador011,aluno\minds\minds_01.mp4
aluno,MINDS,Sinalizador012,aluno\minds\minds_02.mp4
aluno,MINDS,Sinalizador013,aluno\minds\minds_03.mp4
aluno,MINDS,Sinalizador014,aluno\minds\minds_04.mp4
aluno,MINDS,Sinalizador015,aluno\minds\minds_05.mp4
aluno,MINDS,Sinalizador021,aluno\minds\minds_06.mp4
aluno,MINDS,Sinalizador022,aluno\minds\minds_07.mp4
aluno,MINDS,Sinalizador023,aluno\minds\minds_08.mp4
aluno,MINDS,Sinalizador024,aluno\minds\minds_09.mp4
aluno,MINDS,Sinalizador025,aluno\minds\minds_10.mp4
aluno,MINDS,Sinalizador051,aluno\minds\minds_11.mp4
aluno,MINDS,Sinalizador052,aluno\minds\minds_12.mp4
aluno,MINDS,Sinalizador053,aluno\minds\minds_13.mp4
aluno,MINDS,Sinalizador054,aluno\minds\minds_14.mp4
aluno,MINDS,Sinalizador055,aluno\minds\minds_15.mp4
aluno,MINDS,Sinalizador061,aluno\minds\minds_16.mp4
aluno,MINDS,Sinalizador062,aluno\minds\minds_17.mp4
aluno,MINDS,Sinalizador063,aluno\minds\minds_18.mp4
aluno,MINDS,Sinalizador064,aluno\minds\minds_19.mp4
aluno,MINDS,Sinalizador065,aluno\minds\minds_20.mp4
aluno,MINDS,Sinalizador081,aluno\minds\minds_21.mp4
aluno,MINDS,Sinalizador082,aluno\minds\minds_22.mp4
aluno,MINDS,Sinalizador083,aluno\minds\minds_23.mp4
aluno,MINDS,Sinalizador084,aluno\minds\minds_24.mp4
aluno,MINDS,Sinalizador085,aluno\minds\minds_25.mp4
aluno,MINDS,Sinalizador101,aluno\minds\minds_26.mp4
aluno,MINDS,Sinalizador102,aluno\minds\minds_27.mp4
aluno,MINDS,Sinalizador103,aluno\minds\minds_28.mp4
aluno,MINDS,Sinalizador104,aluno\minds\minds_29.mp4
aluno,MINDS,Sinalizador105,aluno\minds\minds_30.mp4
aluno,MINDS,Sinalizador111,aluno\minds\minds_31.mp4
aluno,MINDS,Sinalizador112,aluno\minds\minds_32.mp4
aluno,MINDS,Sinalizador113,aluno\minds\minds_33.mp4
aluno,MINDS,Sinalizador114,aluno\minds\minds_34.mp4
aluno,MINDS,Sinalizador115,aluno\minds\minds_35.mp4
aluno,MINDS,Sinalizador121,aluno\minds\minds_36.mp4
aluno,MINDS,Sinalizador122,aluno\minds\minds_37.mp4
aluno,MINDS,Sinalizador123,aluno\minds\minds_38.mp4
aluno,MINDS,Sinalizador124,aluno\minds\minds_39.mp4
aluno,MINDS,Sinalizador125,aluno\minds\minds_40.mp4
aluno,MALTA,Acessibilidades3,aluno\malta\malta_01.mp4
aluno,MALTA,UFSC,aluno\malta\malta_02.mp4
aluno,MALTA,USP,aluno\malta\malta_03.mp4
amarelo,MINDS,Sinalizador011,amarelo\minds\minds_01.mp4
amarelo,MINDS,Sinalizador012,amarelo\minds\minds_02.mp4
amarelo,MINDS,Sinalizador013,amarelo\minds\minds_03.mp4
amarelo,MINDS,Sinalizador014,amarelo\minds\minds_04.mp4
amarelo,MINDS,Sinalizador015,amarelo\minds\minds_05.mp4
amarelo,MINDS,Sinalizador021,amarelo\minds\minds_06.mp4
amarelo,MINDS,Sinalizador022,amarelo\minds\minds_07.mp4
amarelo,MINDS,Sinalizador023,amarelo\minds\minds_08.mp4
amarelo,MINDS,Sinalizador024,amarelo\minds\minds_09.mp4
amarelo,MINDS,Sinalizador025,amarelo\minds\minds_10.mp4
amarelo,MINDS,Sinalizador051,amarelo\minds\minds_11.mp4
amarelo,MINDS,Sinalizador052,amarelo\minds\minds_12.mp4
amarelo,MINDS,Sinalizador053,amarelo\minds\minds_13.mp4
amarelo,MINDS,Sinalizador054,amarelo\minds\minds_14.mp4
amarelo,MINDS,Sinalizador055,amarelo\minds\minds_15.mp4
amarelo,MINDS,Sinalizador061,amarelo\minds\minds_16.mp4
amarelo,MINDS,Sinalizador062,amarelo\minds\minds_17.mp4
amarelo,MINDS,Sinalizador063,amarelo\minds\minds_18.mp4
amarelo,MINDS,Sinalizador064,amarelo\minds\minds_19.mp4
amarelo,MINDS,Sinalizador065,amarelo\minds\minds_20.mp4
amarelo,MINDS,Sinalizador081,amarelo\minds\minds_21.mp4
amarelo,MINDS,Sinalizador082,amarelo\minds\minds_22.mp4
amarelo,MINDS,Sinalizador083,amarelo\minds\minds_23.mp4
amarelo,MINDS,Sinalizador084,amarelo\minds\minds_24.mp4
amarelo,MINDS,Sinalizador085,amarelo\minds\minds_25.mp4
amarelo,MINDS,Sinalizador101,amarelo\minds\minds_26.mp4
amarelo,MINDS,Sinalizador102,amarelo\minds\minds_27.mp4
amarelo,MINDS,Sinalizador103,amarelo\minds\minds_28.mp4
amarelo,MINDS,Sinalizador104,amarelo\minds\minds_29.mp4
amarelo,MINDS,Sinalizador105,amarelo\minds\minds_30.mp4
amarelo,MINDS,Sinalizador111,amarelo\minds\minds_31.mp4
amarelo,MINDS,Sinalizador112,amarelo\minds\minds_32.mp4
amarelo,MINDS,Sinalizador113,amarelo\minds\minds_33.mp4
amarelo,MINDS,Sinalizador114,amarelo\minds\minds_34.mp4
amarelo,MINDS,Sinalizador115,amarelo\minds\minds_35.mp4
amarelo,MINDS,Sinalizador121,amarelo\minds\minds_36.mp4
amarelo,MINDS,Sinalizador122,amarelo\minds\minds_37.mp4
amarelo,MINDS,Sinalizador123,amarelo\minds\minds_38.mp4
amarelo,MINDS,Sinalizador124,amarelo\minds\minds_39.mp4
amarelo,MINDS,Sinalizador125,amarelo\minds\minds_40.mp4
amarelo,MALTA,Acessibilidades3,amarelo\malta\malta_01.mp4
amarelo,MALTA,SpreadTheSign,amarelo\malta\malta_02.mp4
amarelo,MALTA,UFSC,amarelo\malta\malta_03.mp4
amarelo,MALTA,USP,amarelo\malta\malta_04.mp4
america,MINDS,Sinalizador011,america\minds\minds_01.mp4
america,MINDS,Sinalizador012,america\minds\minds_02.mp4
america,MINDS,Sinalizador013,america\minds\minds_03.mp4
america,MINDS,Sinalizador014,america\minds\minds_04.mp4
america,MINDS,Sinalizador015,america\minds\minds_05.mp4
america,MINDS,Sinalizador021,america\minds\minds_06.mp4
america,MINDS,Sinalizador022,america\minds\minds_07.mp4
america,MINDS,Sinalizador023,america\minds\minds_08.mp4
america,MINDS,Sinalizador024,america\minds\minds_09.mp4
america,MINDS,Sinalizador025,america\minds\minds_10.mp4
america,MINDS,Sinalizador051,america\minds\minds_11.mp4
america,MINDS,Sinalizador052,america\minds\minds_12.mp4
america,MINDS,Sinalizador053,america\minds\minds_13.mp4
america,MINDS,Sinalizador054,america\minds\minds_14.mp4
america,MINDS,Sinalizador055,america\minds\minds_15.mp4
america,MINDS,Sinalizador061,america\minds\minds_16.mp4
america,MINDS,Sinalizador062,america\minds\minds_17.mp4
america,MINDS,Sinalizador063,america\minds\minds_18.mp4
america,MINDS,Sinalizador064,america\minds\minds_19.mp4
america,MINDS,Sinalizador065,america\minds\minds_20.mp4
america,MINDS,Sinalizador081,america\minds\minds_21.mp4
america,MINDS,Sinalizador082,america\minds\minds_22.mp4
america,MINDS,Sinalizador083,america\minds\minds_23.mp4
america,MINDS,Sinalizador084,america\minds\minds_24.mp4
america,MINDS,Sinalizador085,america\minds\minds_25.mp4
america,MINDS,Sinalizador101,america\minds\minds_26.mp4
america,MINDS,Sinalizador102,america\minds\minds_27.mp4
america,MINDS,Sinalizador103,america\minds\minds_28.mp4
america,MINDS,Sinalizador104,america\minds\minds_29.mp4
america,MINDS,Sinalizador105,america\minds\minds_30.mp4
america,MINDS,Sinalizador111,america\minds\minds_31.mp4
america,MINDS,Sinalizador112,america\minds\minds_32.mp4
america,MINDS,Sinalizador113,america\minds\minds_33.mp4
america,MINDS,Sinalizador114,america\minds\minds_34.mp4
america,MINDS,Sinalizador115,america\minds\minds_35.mp4
america,MINDS,Sinalizador121,america\minds\minds_36.mp4
america,MINDS,Sinalizador122,america\minds\minds_37.mp4
america,MINDS,Sinalizador123,america\minds\minds_38.mp4
america,MINDS,Sinalizador124,america\minds\minds_39.mp4
america,MINDS,Sinalizador125,america\minds\minds_40.mp4
america,MALTA,Acessibilidades3,america\malta\malta_01.mp4
america,MALTA,SpreadTheSign,america\malta\malta_02.mp4
america,MALTA,UFSC,america\malta\malta_03.mp4
america,MALTA,UFV,america\malta\malta_04.mp4
aproveitar,MINDS,Sinalizador011,aproveitar\minds\minds_01.mp4
aproveitar,MINDS,Sinalizador012,aproveitar\minds\minds_02.mp4
aproveitar,MINDS,Sinalizador013,aproveitar\minds\minds_03.mp4
aproveitar,MINDS,Sinalizador014,aproveitar\minds\minds_04.mp4
aproveitar,MINDS,Sinalizador015,aproveitar\minds\minds_05.mp4
aproveitar,MINDS,Sinalizador021,aproveitar\minds\minds_06.mp4
aproveitar,MINDS,Sinalizador022,aproveitar\minds\minds_07.mp4
aproveitar,MINDS,Sinalizador023,aproveitar\minds\minds_08.mp4
aproveitar,MINDS,Sinalizador024,aproveitar\minds\minds_09.mp4
aproveitar,MINDS,Sinalizador025,aproveitar\minds\minds_10.mp4
aproveitar,MINDS,Sinalizador051,aproveitar\minds\minds_11.mp4
aproveitar,MINDS,Sinalizador052,aproveitar\minds\minds_12.mp4
aproveitar,MINDS,Sinalizador053,aproveitar\minds\minds_13.mp4
aproveitar,MINDS,Sinalizador054,aproveitar\minds\minds_14.mp4
aproveitar,MINDS,Sinalizador055,aproveitar\minds\minds_15.mp4
aproveitar,MINDS,Sinalizador061,aproveitar\minds\minds_16.mp4
aproveitar,MINDS,Sinalizador062,aproveitar\minds\minds_17.mp4
aproveitar,MINDS,Sinalizador063,aproveitar\minds\minds_18.mp4
aproveitar,MINDS,Sinalizador064,aproveitar\minds\minds_19.mp4
aproveitar,MINDS,Sinalizador065,aproveitar\minds\minds_20.mp4
aproveitar,MINDS,Sinalizador081,aproveitar\minds\minds_21.mp4
aproveitar,MINDS,Sinalizador082,aproveitar\minds\minds_22.mp4
aproveitar,MINDS,Sinalizador083,aproveitar\minds\minds_23.mp4
aproveitar,MINDS,Sinalizador084,aproveitar\minds\minds_24.mp4
aproveitar,MINDS,Sinalizador085,aproveitar\minds\minds_25.mp4
aproveitar,MINDS,Sinalizador101,aproveitar\minds\minds_26.mp4
aproveitar,MINDS,Sinalizador102,aproveitar\minds\minds_27.mp4
aproveitar,MINDS,Sinalizador103,aproveitar\minds\minds_28.mp4
aproveitar,MINDS,Sinalizador104,aproveitar\minds\minds_29.mp4
aproveitar,MINDS,Sinalizador105,aproveitar\minds\minds_30.mp4
aproveitar,MINDS,Sinalizador111,aproveitar\minds\minds_31.mp4
aproveitar,MINDS,Sinalizador112,aproveitar\minds\minds_32.mp4
aproveitar,MINDS,Sinalizador113,aproveitar\minds\minds_33.mp4
aproveitar,MINDS,Sinalizador114,aproveitar\minds\minds_34.mp4
aproveitar,MINDS,Sinalizador115,aproveitar\minds\minds_35.mp4
aproveitar,MINDS,Sinalizador121,aproveitar\minds\minds_36.mp4
aproveitar,MINDS,Sinalizador122,aproveitar\minds\minds_37.mp4
aproveitar,MINDS,Sinalizador123,aproveitar\minds\minds_38.mp4
aproveitar,MINDS,Sinalizador124,aproveitar\minds\minds_39.mp4
aproveitar,MINDS,Sinalizador125,aproveitar\minds\minds_40.mp4
aproveitar,MALTA,Acessibilidades3,aproveitar\malta\malta_01.mp4
aproveitar,MALTA,Acessibilidades3,aproveitar\malta\malta_02.mp4
aproveitar,MALTA,SpreadTheSign,aproveitar\malta\malta_03.mp4
aproveitar,MALTA,UFSC,aproveitar\malta\malta_04.mp4
bala,MINDS,Sinalizador011,bala\minds\minds_01.mp4
bala,MINDS,Sinalizador012,bala\minds\minds_02.mp4
bala,MINDS,Sinalizador013,bala\minds\minds_03.mp4
bala,MINDS,Sinalizador014,bala\minds\minds_04.mp4
bala,MINDS,Sinalizador015,bala\minds\minds_05.mp4
bala,MINDS,Sinalizador021,bala\minds\minds_06.mp4
bala,MINDS,Sinalizador022,bala\minds\minds_07.mp4
bala,MINDS,Sinalizador023,bala\minds\minds_08.mp4
bala,MINDS,Sinalizador024,bala\minds\minds_09.mp4
bala,MINDS,Sinalizador025,bala\minds\minds_10.mp4
bala,MINDS,Sinalizador051,bala\minds\minds_11.mp4
bala,MINDS,Sinalizador052,bala\minds\minds_12.mp4
bala,MINDS,Sinalizador053,bala\minds\minds_13.mp4
bala,MINDS,Sinalizador054,bala\minds\minds_14.mp4
bala,MINDS,Sinalizador055,bala\minds\minds_15.mp4
bala,MINDS,Sinalizador061,bala\minds\minds_16.mp4
bala,MINDS,Sinalizador062,bala\minds\minds_17.mp4
bala,MINDS,Sinalizador063,bala\minds\minds_18.mp4
bala,MINDS,Sinalizador064,bala\minds\minds_19.mp4
bala,MINDS,Sinalizador065,bala\minds\minds_20.mp4
bala,MINDS,Sinalizador081,bala\minds\minds_21.mp4
bala,MINDS,Sinalizador082,bala\minds\minds_22.mp4
bala,MINDS,Sinalizador083,bala\minds\minds_23.mp4
bala,MINDS,Sinalizador084,bala\minds\minds_24.mp4
bala,MINDS,Sinalizador085,bala\minds\minds_25.mp4
bala,MINDS,Sinalizador101,bala\minds\minds_26.mp4
bala,MINDS,Sinalizador102,bala\minds\minds_27.mp4
bala,MINDS,Sinalizador103,bala\minds\minds_28.mp4
bala,MINDS,Sinalizador104,bala\minds\minds_29.mp4
bala,MINDS,Sinalizador105,bala\minds\minds_30.mp4
bala,MINDS,Sinalizador111,bala\minds\minds_31.mp4
bala,MINDS,Sinalizador112,bala\minds\minds_32.mp4
bala,MINDS,Sinalizador113,bala\minds\minds_33.mp4
bala,MINDS,Sinalizador114,bala\minds\minds_34.mp4
bala,MINDS,Sinalizador115,bala\minds\minds_35.mp4
bala,MINDS,Sinalizador121,bala\minds\minds_36.mp4
bala,MINDS,Sinalizador122,bala\minds\minds_37.mp4
bala,MINDS,Sinalizador123,bala\minds\minds_38.mp4
bala,MINDS,Sinalizador124,bala\minds\minds_39.mp4
bala,MINDS,Sinalizador125,bala\minds\minds_40.mp4
bala,MALTA,Acessibilidades3,bala\malta\malta_01.mp4
bala,MALTA,UFSC,bala\malta\malta_02.mp4
bala,MALTA,UFV,bala\malta\malta_03.mp4
bala,MALTA,USP,bala\malta\malta_04.mp4
banco,MINDS,Sinalizador011,banco\minds\minds_01.mp4
banco,MINDS,Sinalizador012,banco\minds\minds_02.mp4
banco,MINDS,Sinalizador013,banco\minds\minds_03.mp4
banco,MINDS,Sinalizador014,banco\minds\minds_04.mp4
banco,MINDS,Sinalizador015,banco\minds\minds_05.mp4
banco,MINDS,Sinalizador021,banco\minds\minds_06.mp4
banco,MINDS,Sinalizador022,banco\minds\minds_07.mp4
banco,MINDS,Sinalizador023,banco\minds\minds_08.mp4
banco,MINDS,Sinalizador024,banco\minds\minds_09.mp4
banco,MINDS,Sinalizador025,banco\minds\minds_10.mp4
banco,MINDS,Sinalizador051,banco\minds\minds_11.mp4
banco,MINDS,Sinalizador052,banco\minds\minds_12.mp4
banco,MINDS,Sinalizador053,banco\minds\minds_13.mp4
banco,MINDS,Sinalizador054,banco\minds\minds_14.mp4
banco,MINDS,Sinalizador055,banco\minds\minds_15.mp4
banco,MINDS,Sinalizador061,banco\minds\minds_16.mp4
banco,MINDS,Sinalizador062,banco\minds\minds_17.mp4
banco,MINDS,Sinalizador063,banco\minds\minds_18.mp4
banco,MINDS,Sinalizador064,banco\minds\minds_19.mp4
banco,MINDS,Sinalizador065,banco\minds\minds_20.mp4
banco,MINDS,Sinalizador081,banco\minds\minds_21.mp4
banco,MINDS,Sinalizador082,banco\minds\minds_22.mp4
banco,MINDS,Sinalizador083,banco\minds\minds_23.mp4
banco,MINDS,Sinalizador084,banco\minds\minds_24.mp4
banco,MINDS,Sinalizador085,banco\minds\minds_25.mp4
banco,MINDS,Sinalizador101,banco\minds\minds_26.mp4
banco,MINDS,Sinalizador102,banco\minds\minds_27.mp4
banco,MINDS,Sinalizador103,banco\minds\minds_28.mp4
banco,MINDS,Sinalizador104,banco\minds\minds_29.mp4
banco,MINDS,Sinalizador105,banco\minds\minds_30.mp4
banco,MINDS,Sinalizador111,banco\minds\minds_31.mp4
banco,MINDS,Sinalizador112,banco\minds\minds_32.mp4
banco,MINDS,Sinalizador113,banco\minds\minds_33.mp4
banco,MINDS,Sinalizador114,banco\minds\minds_34.mp4
banco,MINDS,Sinalizador115,banco\minds\minds_35.mp4
banco,MINDS,Sinalizador121,banco\minds\minds_36.mp4
banco,MINDS,Sinalizador122,banco\minds\minds_37.mp4
banco,MINDS,Sinalizador123,banco\minds\minds_38.mp4
banco,MINDS,Sinalizador124,banco\minds\minds_39.mp4
banco,MINDS,Sinalizador125,banco\minds\minds_40.mp4
banco,MALTA,Acessibilidades3,banco\malta\malta_01.mp4
banco,MALTA,Acessibilidades3,banco\malta\malta_02.mp4
banco,MALTA,Acessibilidades3,banco\malta\malta_03.mp4
banco,MALTA,SpreadTheSign,banco\malta\malta_04.mp4
banco,MALTA,UFSC,banco\malta\malta_05.mp4
banheiro,MINDS,Sinalizador011,banheiro\minds\minds_01.mp4
banheiro,MINDS,Sinalizador012,banheiro\minds\minds_02.mp4
banheiro,MINDS,Sinalizador013,banheiro\minds\minds_03.mp4
banheiro,MINDS,Sinalizador014,banheiro\minds\minds_04.mp4
banheiro,MINDS,Sinalizador015,banheiro\minds\minds_05.mp4
banheiro,MINDS,Sinalizador021,banheiro\minds\minds_06.mp4
banheiro,MINDS,Sinalizador022,banheiro\minds\minds_07.mp4
banheiro,MINDS,Sinalizador023,banheiro\minds\minds_08.mp4
banheiro,MINDS,Sinalizador024,banheiro\minds\minds_09.mp4
banheiro,MINDS,Sinalizador025,banheiro\minds\minds_10.mp4
banheiro,MINDS,Sinalizador051,banheiro\minds\minds_11.mp4
banheiro,MINDS,Sinalizador052,banheiro\minds\minds_12.mp4
banheiro,MINDS,Sinalizador053,banheiro\minds\minds_13.mp4
banheiro,MINDS,Sinalizador054,banheiro\minds\minds_14.mp4
banheiro,MINDS,Sinalizador055,banheiro\minds\minds_15.mp4
banheiro,MINDS,Sinalizador061,banheiro\minds\minds_16.mp4
banheiro,MINDS,Sinalizador062,banheiro\minds\minds_17.mp4
banheiro,MINDS,Sinalizador063,banheiro\minds\minds_18.mp4
banheiro,MINDS,Sinalizador064,banheiro\minds\minds_19.mp4
banheiro,MINDS,Sinalizador065,banheiro\minds\minds_20.mp4
banheiro,MINDS,Sinalizador081,banheiro\minds\minds_21.mp4
banheiro,MINDS,Sinalizador082,banheiro\minds\minds_22.mp4
banheiro,MINDS,Sinalizador083,banheiro\minds\minds_23.mp4
banheiro,MINDS,Sinalizador084,banheiro\minds\minds_24.mp4
banheiro,MINDS,Sinalizador085,banheiro\minds\minds_25.mp4
banheiro,MINDS,Sinalizador101,banheiro\minds\minds_26.mp4
banheiro,MINDS,Sinalizador102,banheiro\minds\minds_27.mp4
banheiro,MINDS,Sinalizador103,banheiro\minds\minds_28.mp4
banheiro,MINDS,Sinalizador104,banheiro\minds\minds_29.mp4
banheiro,MINDS,Sinalizador105,banheiro\minds\minds_30.mp4
banheiro,MINDS,Sinalizador111,banheiro\minds\minds_31.mp4
banheiro,MINDS,Sinalizador112,banheiro\minds\minds_32.mp4
banheiro,MINDS,Sinalizador113,banheiro\minds\minds_33.mp4
banheiro,MINDS,Sinalizador114,banheiro\minds\minds_34.mp4
banheiro,MINDS,Sinalizador115,banheiro\minds\minds_35.mp4
banheiro,MINDS,Sinalizador121,banheiro\minds\minds_36.mp4
banheiro,MINDS,Sinalizador122,banheiro\minds\minds_37.mp4
banheiro,MINDS,Sinalizador123,banheiro\minds\minds_38.mp4
banheiro,MINDS,Sinalizador124,banheiro\minds\minds_39.mp4
banheiro,MINDS,Sinalizador125,banheiro\minds\minds_40.mp4
banheiro,MALTA,Acessibilidades3,banheiro\malta\malta_01.mp4
banheiro,MALTA,SpreadTheSign,banheiro\malta\malta_02.mp4
banheiro,MALTA,UFSC,banheiro\malta\malta_03.mp4
banheiro,MALTA,UFV,banheiro\malta\malta_04.mp4
barulho,MINDS,Sinalizador011,barulho\minds\minds_01.mp4
barulho,MINDS,Sinalizador012,barulho\minds\minds_02.mp4
barulho,MINDS,Sinalizador013,barulho\minds\minds_03.mp4
barulho,MINDS,Sinalizador014,barulho\minds\minds_04.mp4
barulho,MINDS,Sinalizador015,barulho\minds\minds_05.mp4
barulho,MINDS,Sinalizador021,barulho\minds\minds_06.mp4
barulho,MINDS,Sinalizador022,barulho\minds\minds_07.mp4
barulho,MINDS,Sinalizador023,barulho\minds\minds_08.mp4
barulho,MINDS,Sinalizador024,barulho\minds\minds_09.mp4
barulho,MINDS,Sinalizador025,barulho\minds\minds_10.mp4
barulho,MINDS,Sinalizador051,barulho\minds\minds_11.mp4
barulho,MINDS,Sinalizador052,barulho\minds\minds_12.mp4
barulho,MINDS,Sinalizador053,barulho\minds\minds_13.mp4
barulho,MINDS,Sinalizador054,barulho\minds\minds_14.mp4
barulho,MINDS,Sinalizador055,barulho\minds\minds_15.mp4
barulho,MINDS,Sinalizador061,barulho\minds\minds_16.mp4
barulho,MINDS,Sinalizador062,barulho\minds\minds_17.mp4
barulho,MINDS,Sinalizador063,barulho\minds\minds_18.mp4
barulho,MINDS,Sinalizador064,barulho\minds\minds_19.mp4
barulho,MINDS,Sinalizador065,barulho\minds\minds_20.mp4
barulho,MINDS,Sinalizador081,barulho\minds\minds_21.mp4
barulho,MINDS,Sinalizador082,barulho\minds\minds_22.mp4
barulho,MINDS,Sinalizador083,barulho\minds\minds_23.mp4
barulho,MINDS,Sinalizador084,barulho\minds\minds_24.mp4
barulho,MINDS,Sinalizador085,barulho\minds\minds_25.mp4
barulho,MINDS,Sinalizador101,barulho\minds\minds_26.mp4
barulho,MINDS,Sinalizador102,barulho\minds\minds_27.mp4
barulho,MINDS,Sinalizador103,barulho\minds\minds_28.mp4
barulho,MINDS,Sinalizador104,barulho\minds\minds_29.mp4
barulho,MINDS,Sinalizador105,barulho\minds\minds_30.mp4
barulho,MINDS,Sinalizador111,barulho\minds\minds_31.mp4
barulho,MINDS,Sinalizador112,barulho\minds\minds_32.mp4
barulho,MINDS,Sinalizador113,barulho\minds\minds_33.mp4
barulho,MINDS,Sinalizador114,barulho\minds\minds_34.mp4
barulho,MINDS,Sinalizador115,barulho\minds\minds_35.mp4
barulho,MINDS,Sinalizador121,barulho\minds\minds_36.mp4
barulho,MINDS,Sinalizador122,barulho\minds\minds_37.mp4
barulho,MINDS,Sinalizador123,barulho\minds\minds_38.mp4
barulho,MINDS,Sinalizador124,barulho\minds\minds_39.mp4
barulho,MINDS,Sinalizador125,barulho\minds\minds_40.mp4
barulho,MALTA,Acessibilidades3,barulho\malta\malta_01.mp4
barulho,MALTA,UFSC,barulho\malta\malta_02.mp4
barulho,MALTA,USP,barulho\malta\malta_03.mp4
conhecer,MINDS,Sinalizador011,conhecer\minds\minds_01.mp4
conhecer,MINDS,Sinalizador012,conhecer\minds\minds_02.mp4
conhecer,MINDS,Sinalizador013,conhecer\minds\minds_03.mp4
conhecer,MINDS,Sinalizador014,conhecer\minds\minds_04.mp4
conhecer,MINDS,Sinalizador015,conhecer\minds\minds_05.mp4
conhecer,MINDS,Sinalizador021,conhecer\minds\minds_06.mp4
conhecer,MINDS,Sinalizador022,conhecer\minds\minds_07.mp4
conhecer,MINDS,Sinalizador023,conhecer\minds\minds_08.mp4
conhecer,MINDS,Sinalizador024,conhecer\minds\minds_09.mp4
conhecer,MINDS,Sinalizador025,conhecer\minds\minds_10.mp4
conhecer,MINDS,Sinalizador051,conhecer\minds\minds_11.mp4
conhecer,MINDS,Sinalizador052,conhecer\minds\minds_12.mp4
conhecer,MINDS,Sinalizador053,conhecer\minds\minds_13.mp4
conhecer,MINDS,Sinalizador054,conhecer\minds\minds_14.mp4
conhecer,MINDS,Sinalizador055,conhecer\minds\minds_15.mp4
conhecer,MINDS,Sinalizador061,conhecer\minds\minds_16.mp4
conhecer,MINDS,Sinalizador062,conhecer\minds\minds_17.mp4
conhecer,MINDS,Sinalizador063,conhecer\minds\minds_18.mp4
conhecer,MINDS,Sinalizador064,conhecer\minds\minds_19.mp4
conhecer,MINDS,Sinalizador065,conhecer\minds\minds_20.mp4
conhecer,MINDS,Sinalizador081,conhecer\minds\minds_21.mp4
conhecer,MINDS,Sinalizador082,conhecer\minds\minds_22.mp4
conhecer,MINDS,Sinalizador083,conhecer\minds\minds_23.mp4
conhecer,MINDS,Sinalizador084,conhecer\minds\minds_24.mp4
conhecer,MINDS,Sinalizador085,conhecer\minds\minds_25.mp4
conhecer,MINDS,Sinalizador101,conhecer\minds\minds_26.mp4
conhecer,MINDS,Sinalizador102,conhecer\minds\minds_27.mp4
conhecer,MINDS,Sinalizador103,conhecer\minds\minds_28.mp4
conhecer,MINDS,Sinalizador104,conhecer\minds\minds_29.mp4
conhecer,MINDS,Sinalizador105,conhecer\minds\minds_30.mp4
conhecer,MINDS,Sinalizador111,conhecer\minds\minds_31.mp4
conhecer,MINDS,Sinalizador112,conhecer\minds\minds_32.mp4
conhecer,MINDS,Sinalizador113,conhecer\minds\minds_33.mp4
conhecer,MINDS,Sinalizador114,conhecer\minds\minds_34.mp4
conhecer,MINDS,Sinalizador115,conhecer\minds\minds_35.mp4
conhecer,MINDS,Sinalizador121,conhecer\minds\minds_36.mp4
conhecer,MINDS,Sinalizador122,conhecer\minds\minds_37.mp4
conhecer,MINDS,Sinalizador123,conhecer\minds\minds_38.mp4
conhecer,MINDS,Sinalizador124,conhecer\minds\minds_39.mp4
conhecer,MINDS,Sinalizador125,conhecer\minds\minds_40.mp4
conhecer,MALTA,Acessibilidades3,conhecer\malta\malta_01.mp4
conhecer,MALTA,SpreadTheSign,conhecer\malta\malta_02.mp4
conhecer,MALTA,UFSC,conhecer\malta\malta_03.mp4
conhecer,MALTA,UFV,conhecer\malta\malta_04.mp4
conhecer,MALTA,USP,conhecer\malta\malta_05.mp4
espelho,MINDS,Sinalizador011,espelho\minds\minds_01.mp4
espelho,MINDS,Sinalizador012,espelho\minds\minds_02.mp4
espelho,MINDS,Sinalizador013,espelho\minds\minds_03.mp4
espelho,MINDS,Sinalizador014,espelho\minds\minds_04.mp4
espelho,MINDS,Sinalizador015,espelho\minds\minds_05.mp4
espelho,MINDS,Sinalizador021,espelho\minds\minds_06.mp4
espelho,MINDS,Sinalizador022,espelho\minds\minds_07.mp4
espelho,MINDS,Sinalizador023,espelho\minds\minds_08.mp4
espelho,MINDS,Sinalizador024,espelho\minds\minds_09.mp4
espelho,MINDS,Sinalizador025,espelho\minds\minds_10.mp4
espelho,MINDS,Sinalizador051,espelho\minds\minds_11.mp4
espelho,MINDS,Sinalizador052,espelho\minds\minds_12.mp4
espelho,MINDS,Sinalizador053,espelho\minds\minds_13.mp4
espelho,MINDS,Sinalizador054,espelho\minds\minds_14.mp4
espelho,MINDS,Sinalizador055,espelho\minds\minds_15.mp4
espelho,MINDS,Sinalizador061,espelho\minds\minds_16.mp4
espelho,MINDS,Sinalizador062,espelho\minds\minds_17.mp4
espelho,MINDS,Sinalizador063,espelho\minds\minds_18.mp4
espelho,MINDS,Sinalizador064,espelho\minds\minds_19.mp4
espelho,MINDS,Sinalizador065,espelho\minds\minds_20.mp4
espelho,MINDS,Sinalizador081,espelho\minds\minds_21.mp4
espelho,MINDS,Sinalizador082,espelho\minds\minds_22.mp4
espelho,MINDS,Sinalizador083,espelho\minds\minds_23.mp4
espelho,MINDS,Sinalizador084,espelho\minds\minds_24.mp4
espelho,MINDS,Sinalizador085,espelho\minds\minds_25.mp4
espelho,MINDS,Sinalizador101,espelho\minds\minds_26.mp4
espelho,MINDS,Sinalizador102,espelho\minds\minds_27.mp4
espelho,MINDS,Sinalizador103,espelho\minds\minds_28.mp4
espelho,MINDS,Sinalizador104,espelho\minds\minds_29.mp4
espelho,MINDS,Sinalizador105,espelho\minds\minds_30.mp4
espelho,MINDS,Sinalizador111,espelho\minds\minds_31.mp4
espelho,MINDS,Sinalizador112,espelho\minds\minds_32.mp4
espelho,MINDS,Sinalizador113,espelho\minds\minds_33.mp4
espelho,MINDS,Sinalizador114,espelho\minds\minds_34.mp4
espelho,MINDS,Sinalizador115,espelho\minds\minds_35.mp4
espelho,MINDS,Sinalizador121,espelho\minds\minds_36.mp4
espelho,MINDS,Sinalizador122,espelho\minds\minds_37.mp4
espelho,MINDS,Sinalizador123,espelho\minds\minds_38.mp4
espelho,MINDS,Sinalizador124,espelho\minds\minds_39.mp4
espelho,MINDS,Sinalizador125,espelho\minds\minds_40.mp4
espelho,MALTA,Acessibilidades3,espelho\malta\malta_01.mp4
espelho,MALTA,SpreadTheSign,espelho\malta\malta_02.mp4
espelho,MALTA,UFSC,espelho\malta\malta_03.mp4
esquina,MINDS,Sinalizador011,esquina\minds\minds_01.mp4
esquina,MINDS,Sinalizador012,esquina\minds\minds_02.mp4
esquina,MINDS,Sinalizador013,esquina\minds\minds_03.mp4
esquina,MINDS,Sinalizador014,esquina\minds\minds_04.mp4
esquina,MINDS,Sinalizador015,esquina\minds\minds_05.mp4
esquina,MINDS,Sinalizador021,esquina\minds\minds_06.mp4
esquina,MINDS,Sinalizador022,esquina\minds\minds_07.mp4
esquina,MINDS,Sinalizador023,esquina\minds\minds_08.mp4
esquina,MINDS,Sinalizador024,esquina\minds\minds_09.mp4
esquina,MINDS,Sinalizador025,esquina\minds\minds_10.mp4
esquina,MINDS,Sinalizador051,esquina\minds\minds_11.mp4
esquina,MINDS,Sinalizador052,esquina\minds\minds_12.mp4
esquina,MINDS,Sinalizador053,esquina\minds\minds_13.mp4
esquina,MINDS,Sinalizador054,esquina\minds\minds_14.mp4
esquina,MINDS,Sinalizador055,esquina\minds\minds_15.mp4
esquina,MINDS,Sinalizador061,esquina\minds\minds_16.mp4
esquina,MINDS,Sinalizador062,esquina\minds\minds_17.mp4
esquina,MINDS,Sinalizador063,esquina\minds\minds_18.mp4
esquina,MINDS,Sinalizador064,esquina\minds\minds_19.mp4
esquina,MINDS,Sinalizador065,esquina\minds\minds_20.mp4
esquina,MINDS,Sinalizador081,esquina\minds\minds_21.mp4
esquina,MINDS,Sinalizador082,esquina\minds\minds_22.mp4
esquina,MINDS,Sinalizador083,esquina\minds\minds_23.mp4
esquina,MINDS,Sinalizador084,esquina\minds\minds_24.mp4
esquina,MINDS,Sinalizador085,esquina\minds\minds_25.mp4
esquina,MINDS,Sinalizador101,esquina\minds\minds_26.mp4
esquina,MINDS,Sinalizador102,esquina\minds\minds_27.mp4
esquina,MINDS,Sinalizador103,esquina\minds\minds_28.mp4
esquina,MINDS,Sinalizador104,esquina\minds\minds_29.mp4
esquina,MINDS,Sinalizador105,esquina\minds\minds_30.mp4
esquina,MINDS,Sinalizador111,esquina\minds\minds_31.mp4
esquina,MINDS,Sinalizador112,esquina\minds\minds_32.mp4
esquina,MINDS,Sinalizador113,esquina\minds\minds_33.mp4
esquina,MINDS,Sinalizador114,esquina\minds\minds_34.mp4
esquina,MINDS,Sinalizador115,esquina\minds\minds_35.mp4
esquina,MINDS,Sinalizador121,esquina\minds\minds_36.mp4
esquina,MINDS,Sinalizador122,esquina\minds\minds_37.mp4
esquina,MINDS,Sinalizador123,esquina\minds\minds_38.mp4
esquina,MINDS,Sinalizador124,esquina\minds\minds_39.mp4
esquina,MINDS,Sinalizador125,esquina\minds\minds_40.mp4
esquina,MALTA,Acessibilidades3,esquina\malta\malta_01.mp4
esquina,MALTA,SpreadTheSign,esquina\malta\malta_02.mp4
esquina,MALTA,UFSC,esquina\malta\malta_03.mp4
filho,MINDS,Sinalizador011,filho\minds\minds_01.mp4
filho,MINDS,Sinalizador012,filho\minds\minds_02.mp4
filho,MINDS,Sinalizador013,filho\minds\minds_03.mp4
filho,MINDS,Sinalizador014,filho\minds\minds_04.mp4
filho,MINDS,Sinalizador015,filho\minds\minds_05.mp4
filho,MINDS,Sinalizador021,filho\minds\minds_06.mp4
filho,MINDS,Sinalizador022,filho\minds\minds_07.mp4
filho,MINDS,Sinalizador023,filho\minds\minds_08.mp4
filho,MINDS,Sinalizador024,filho\minds\minds_09.mp4
filho,MINDS,Sinalizador025,filho\minds\minds_10.mp4
filho,MINDS,Sinalizador051,filho\minds\minds_11.mp4
filho,MINDS,Sinalizador052,filho\minds\minds_12.mp4
filho,MINDS,Sinalizador053,filho\minds\minds_13.mp4
filho,MINDS,Sinalizador054,filho\minds\minds_14.mp4
filho,MINDS,Sinalizador055,filho\minds\minds_15.mp4
filho,MINDS,Sinalizador061,filho\minds\minds_16.mp4
filho,MINDS,Sinalizador062,filho\minds\minds_17.mp4
filho,MINDS,Sinalizador063,filho\minds\minds_18.mp4
filho,MINDS,Sinalizador064,filho\minds\minds_19.mp4
filho,MINDS,Sinalizador065,filho\minds\minds_20.mp4
filho,MINDS,Sinalizador081,filho\minds\minds_21.mp4
filho,MINDS,Sinalizador082,filho\minds\minds_22.mp4
filho,MINDS,Sinalizador083,filho\minds\minds_23.mp4
filho,MINDS,Sinalizador084,filho\minds\minds_24.mp4
filho,MINDS,Sinalizador085,filho\minds\minds_25.mp4
filho,MINDS,Sinalizador101,filho\minds\minds_26.mp4
filho,MINDS,Sinalizador102,filho\minds\minds_27.mp4
filho,MINDS,Sinalizador103,filho\minds\minds_28.mp4
filho,MINDS,Sinalizador104,filho\minds\minds_29.mp4
filho,MINDS,Sinalizador105,filho\minds\minds_30.mp4
filho,MINDS,Sinalizador111,filho\minds\minds_31.mp4
filho,MINDS,Sinalizador112,filho\minds\minds_32.mp4
filho,MINDS,Sinalizador113,filho\minds\minds_33.mp4
filho,MINDS,Sinalizador114,filho\minds\minds_34.mp4
filho,MINDS,Sinalizador115,filho\minds\minds_35.mp4
filho,MINDS,Sinalizador121,filho\minds\minds_36.mp4
filho,MINDS,Sinalizador122,filho\minds\minds_37.mp4
filho,MINDS,Sinalizador123,filho\minds\minds_38.mp4
filho,MINDS,Sinalizador124,filho\minds\minds_39.mp4
filho,MINDS,Sinalizador125,filho\minds\minds_40.mp4
filho,MALTA,Acessibilidades3,filho\malta\malta_01.mp4
filho,MALTA,SpreadTheSign,filho\malta\malta_02.mp4
filho,MALTA,UFSC,filho\malta\malta_03.mp4
filho,MALTA,UFV,filho\malta\malta_04.mp4
filho,MALTA,USP,filho\malta\malta_05.mp4
maca,MINDS,Sinalizador011,maca\minds\minds_01.mp4
maca,MINDS,Sinalizador012,maca\minds\minds_02.mp4
maca,MINDS,Sinalizador013,maca\minds\minds_03.mp4
maca,MINDS,Sinalizador014,maca\minds\minds_04.mp4
maca,MINDS,Sinalizador015,maca\minds\minds_05.mp4
maca,MINDS,Sinalizador021,maca\minds\minds_06.mp4
maca,MINDS,Sinalizador022,maca\minds\minds_07.mp4
maca,MINDS,Sinalizador023,maca\minds\minds_08.mp4
maca,MINDS,Sinalizador024,maca\minds\minds_09.mp4
maca,MINDS,Sinalizador025,maca\minds\minds_10.mp4
maca,MINDS,Sinalizador051,maca\minds\minds_11.mp4
maca,MINDS,Sinalizador052,maca\minds\minds_12.mp4
maca,MINDS,Sinalizador053,maca\minds\minds_13.mp4
maca,MINDS,Sinalizador054,maca\minds\minds_14.mp4
maca,MINDS,Sinalizador055,maca\minds\minds_15.mp4
maca,MINDS,Sinalizador061,maca\minds\minds_16.mp4
maca,MINDS,Sinalizador062,maca\minds\minds_17.mp4
maca,MINDS,Sinalizador063,maca\minds\minds_18.mp4
maca,MINDS,Sinalizador064,maca\minds\minds_19.mp4
maca,MINDS,Sinalizador065,maca\minds\minds_20.mp4
maca,MINDS,Sinalizador081,maca\minds\minds_21.mp4
maca,MINDS,Sinalizador082,maca\minds\minds_22.mp4
maca,MINDS,Sinalizador083,maca\minds\minds_23.mp4
maca,MINDS,Sinalizador084,maca\minds\minds_24.mp4
maca,MINDS,Sinalizador085,maca\minds\minds_25.mp4
maca,MINDS,Sinalizador101,maca\minds\minds_26.mp4
maca,MINDS,Sinalizador102,maca\minds\minds_27.mp4
maca,MINDS,Sinalizador103,maca\minds\minds_28.mp4
maca,MINDS,Sinalizador104,maca\minds\minds_29.mp4
maca,MINDS,Sinalizador105,maca\minds\minds_30.mp4
maca,MINDS,Sinalizador111,maca\minds\minds_31.mp4
maca,MINDS,Sinalizador112,maca\minds\minds_32.mp4
maca,MINDS,Sinalizador113,maca\minds\minds_33.mp4
maca,MINDS,Sinalizador114,maca\minds\minds_34.mp4
maca,MINDS,Sinalizador115,maca\minds\minds_35.mp4
maca,MINDS,Sinalizador121,maca\minds\minds_36.mp4
maca,MINDS,Sinalizador122,maca\minds\minds_37.mp4
maca,MINDS,Sinalizador123,maca\minds\minds_38.mp4
maca,MINDS,Sinalizador124,maca\minds\minds_39.mp4
maca,MINDS,Sinalizador125,maca\minds\minds_40.mp4
maca,MALTA,SpreadTheSign,maca\malta\malta_01.mp4
maca,MALTA,USP,maca\malta\malta_02.mp4
medo,MINDS,Sinalizador011,medo\minds\minds_01.mp4
medo,MINDS,Sinalizador012,medo\minds\minds_02.mp4
medo,MINDS,Sinalizador013,medo\minds\minds_03.mp4
medo,MINDS,Sinalizador014,medo\minds\minds_04.mp4
medo,MINDS,Sinalizador015,medo\minds\minds_05.mp4
medo,MINDS,Sinalizador021,medo\minds\minds_06.mp4
medo,MINDS,Sinalizador022,medo\minds\minds_07.mp4
medo,MINDS,Sinalizador023,medo\minds\minds_08.mp4
medo,MINDS,Sinalizador024,medo\minds\minds_09.mp4
medo,MINDS,Sinalizador025,medo\minds\minds_10.mp4
medo,MINDS,Sinalizador051,medo\minds\minds_11.mp4
medo,MINDS,Sinalizador052,medo\minds\minds_12.mp4
medo,MINDS,Sinalizador053,medo\minds\minds_13.mp4
medo,MINDS,Sinalizador054,medo\minds\minds_14.mp4
medo,MINDS,Sinalizador055,medo\minds\minds_15.mp4
medo,MINDS,Sinalizador061,medo\minds\minds_16.mp4
medo,MINDS,Sinalizador062,medo\minds\minds_17.mp4
medo,MINDS,Sinalizador063,medo\minds\minds_18.mp4
medo,MINDS,Sinalizador064,medo\minds\minds_19.mp4
medo,MINDS,Sinalizador065,medo\minds\minds_20.mp4
medo,MINDS,Sinalizador081,medo\minds\minds_21.mp4
medo,MINDS,Sinalizador082,medo\minds\minds_22.mp4
medo,MINDS,Sinalizador083,medo\minds\minds_23.mp4
medo,MINDS,Sinalizador084,medo\minds\minds_24.mp4
medo,MINDS,Sinalizador085,medo\minds\minds_25.mp4
medo,MINDS,Sinalizador101,medo\minds\minds_26.mp4
medo,MINDS,Sinalizador102,medo\minds\minds_27.mp4
medo,MINDS,Sinalizador103,medo\minds\minds_28.mp4
medo,MINDS,Sinalizador104,medo\minds\minds_29.mp4
medo,MINDS,Sinalizador105,medo\minds\minds_30.mp4
medo,MINDS,Sinalizador111,medo\minds\minds_31.mp4
medo,MINDS,Sinalizador112,medo\minds\minds_32.mp4
medo,MINDS,Sinalizador113,medo\minds\minds_33.mp4
medo,MINDS,Sinalizador114,medo\minds\minds_34.mp4
medo,MINDS,Sinalizador115,medo\minds\minds_35.mp4
medo,MINDS,Sinalizador121,medo\minds\minds_36.mp4
medo,MINDS,Sinalizador122,medo\minds\minds_37.mp4
medo,MINDS,Sinalizador123,medo\minds\minds_38.mp4
medo,MINDS,Sinalizador124,medo\minds\minds_39.mp4
medo,MINDS,Sinalizador125,medo\minds\minds_40.mp4
medo,MALTA,Acessibilidades3,medo\malta\malta_01.mp4
medo,MALTA,SpreadTheSign,medo\malta\malta_02.mp4
medo,MALTA,UFSC,medo\malta\malta_03.mp4
ruim,MINDS,Sinalizador011,ruim\minds\minds_01.mp4
ruim,MINDS,Sinalizador012,ruim\minds\minds_02.mp4
ruim,MINDS,Sinalizador013,ruim\minds\minds_03.mp4
ruim,MINDS,Sinalizador014,ruim\minds\minds_04.mp4
ruim,MINDS,Sinalizador015,ruim\minds\minds_05.mp4
ruim,MINDS,Sinalizador021,ruim\minds\minds_06.mp4
ruim,MINDS,Sinalizador022,ruim\minds\minds_07.mp4
ruim,MINDS,Sinalizador023,ruim\minds\minds_08.mp4
ruim,MINDS,Sinalizador024,ruim\minds\minds_09.mp4
ruim,MINDS,Sinalizador025,ruim\minds\minds_10.mp4
ruim,MINDS,Sinalizador051,ruim\minds\minds_11.mp4
ruim,MINDS,Sinalizador052,ruim\minds\minds_12.mp4
ruim,MINDS,Sinalizador053,ruim\minds\minds_13.mp4
ruim,MINDS,Sinalizador054,ruim\minds\minds_14.mp4
ruim,MINDS,Sinalizador055,ruim\minds\minds_15.mp4
ruim,MINDS,Sinalizador061,ruim\minds\minds_16.mp4
ruim,MINDS,Sinalizador062,ruim\minds\minds_17.mp4
ruim,MINDS,Sinalizador063,ruim\minds\minds_18.mp4
ruim,MINDS,Sinalizador064,ruim\minds\minds_19.mp4
ruim,MINDS,Sinalizador065,ruim\minds\minds_20.mp4
ruim,MINDS,Sinalizador081,ruim\minds\minds_21.mp4
ruim,MINDS,Sinalizador082,ruim\minds\minds_22.mp4
ruim,MINDS,Sinalizador083,ruim\minds\minds_23.mp4
ruim,MINDS,Sinalizador084,ruim\minds\minds_24.mp4
ruim,MINDS,Sinalizador085,ruim\minds\minds_25.mp4
ruim,MINDS,Sinalizador101,ruim\minds\minds_26.mp4
ruim,MINDS,Sinalizador102,ruim\minds\minds_27.mp4
ruim,MINDS,Sinalizador103,ruim\minds\minds_28.mp4
ruim,MINDS,Sinalizador104,ruim\minds\minds_29.mp4
ruim,MINDS,Sinalizador105,ruim\minds\minds_30.mp4
ruim,MINDS,Sinalizador111,ruim\minds\minds_31.mp4
ruim,MINDS,Sinalizador112,ruim\minds\minds_32.mp4
ruim,MINDS,Sinalizador113,ruim\minds\minds_33.mp4
ruim,MINDS,Sinalizador114,ruim\minds\minds_34.mp4
ruim,MINDS,Sinalizador115,ruim\minds\minds_35.mp4
ruim,MINDS,Sinalizador121,ruim\minds\minds_36.mp4
ruim,MINDS,Sinalizador122,ruim\minds\minds_37.mp4
ruim,MINDS,Sinalizador123,ruim\minds\minds_38.mp4
ruim,MINDS,Sinalizador124,ruim\minds\minds_39.mp4
ruim,MINDS,Sinalizador125,ruim\minds\minds_40.mp4
ruim,MALTA,Acessibilidades3,ruim\malta\malta_01.mp4
ruim,MALTA,Acessibilidades3,ruim\malta\malta_02.mp4
ruim,MALTA,UFSC,ruim\malta\malta_03.mp4
ruim,MALTA,USP,ruim\malta\malta_04.mp4
sapo,MINDS,Sinalizador011,sapo\minds\minds_01.mp4
sapo,MINDS,Sinalizador012,sapo\minds\minds_02.mp4
sapo,MINDS,Sinalizador013,sapo\minds\minds_03.mp4
sapo,MINDS,Sinalizador014,sapo\minds\minds_04.mp4
sapo,MINDS,Sinalizador015,sapo\minds\minds_05.mp4
sapo,MINDS,Sinalizador021,sapo\minds\minds_06.mp4
sapo,MINDS,Sinalizador022,sapo\minds\minds_07.mp4
sapo,MINDS,Sinalizador023,sapo\minds\minds_08.mp4
sapo,MINDS,Sinalizador024,sapo\minds\minds_09.mp4
sapo,MINDS,Sinalizador025,sapo\minds\minds_10.mp4
sapo,MINDS,Sinalizador051,sapo\minds\minds_11.mp4
sapo,MINDS,Sinalizador052,sapo\minds\minds_12.mp4
sapo,MINDS,Sinalizador053,sapo\minds\minds_13.mp4
sapo,MINDS,Sinalizador054,sapo\minds\minds_14.mp4
sapo,MINDS,Sinalizador055,sapo\minds\minds_15.mp4
sapo,MINDS,Sinalizador061,sapo\minds\minds_16.mp4
sapo,MINDS,Sinalizador062,sapo\minds\minds_17.mp4
sapo,MINDS,Sinalizador063,sapo\minds\minds_18.mp4
sapo,MINDS,Sinalizador064,sapo\minds\minds_19.mp4
sapo,MINDS,Sinalizador065,sapo\minds\minds_20.mp4
sapo,MINDS,Sinalizador081,sapo\minds\minds_21.mp4
sapo,MINDS,Sinalizador082,sapo\minds\minds_22.mp4
sapo,MINDS,Sinalizador083,sapo\minds\minds_23.mp4
sapo,MINDS,Sinalizador084,sapo\minds\minds_24.mp4
sapo,MINDS,Sinalizador085,sapo\minds\minds_25.mp4
sapo,MINDS,Sinalizador101,sapo\minds\minds_26.mp4
sapo,MINDS,Sinalizador102,sapo\minds\minds_27.mp4
sapo,MINDS,Sinalizador103,sapo\minds\minds_28.mp4
sapo,MINDS,Sinalizador104,sapo\minds\minds_29.mp4
sapo,MINDS,Sinalizador105,sapo\minds\minds_30.mp4
sapo,MINDS,Sinalizador111,sapo\minds\minds_31.mp4
sapo,MINDS,Sinalizador112,sapo\minds\minds_32.mp4
sapo,MINDS,Sinalizador113,sapo\minds\minds_33.mp4
sapo,MINDS,Sinalizador114,sapo\minds\minds_34.mp4
sapo,MINDS,Sinalizador115,sapo\minds\minds_35.mp4
sapo,MINDS,Sinalizador121,sapo\minds\minds_36.mp4
sapo,MINDS,Sinalizador122,sapo\minds\minds_37.mp4
sapo,MINDS,Sinalizador123,sapo\minds\minds_38.mp4
sapo,MINDS,Sinalizador124,sapo\minds\minds_39.mp4
sapo,MINDS,Sinalizador125,sapo\minds\minds_40.mp4
sapo,MALTA,Acessibilidades3,sapo\malta\malta_01.mp4
sapo,MALTA,SpreadTheSign,sapo\malta\malta_02.mp4
sapo,MALTA,UFSC,sapo\malta\malta_03.mp4
vacina,MINDS,Sinalizador011,vacina\minds\minds_01.mp4
vacina,MINDS,Sinalizador012,vacina\minds\minds_02.mp4
vacina,MINDS,Sinalizador013,vacina\minds\minds_03.mp4
vacina,MINDS,Sinalizador014,vacina\minds\minds_04.mp4
vacina,MINDS,Sinalizador015,vacina\minds\minds_05.mp4
vacina,MINDS,Sinalizador021,vacina\minds\minds_06.mp4
vacina,MINDS,Sinalizador022,vacina\minds\minds_07.mp4
vacina,MINDS,Sinalizador023,vacina\minds\minds_08.mp4
vacina,MINDS,Sinalizador024,vacina\minds\minds_09.mp4
vacina,MINDS,Sinalizador025,vacina\minds\minds_10.mp4
vacina,MINDS,Sinalizador051,vacina\minds\minds_11.mp4
vacina,MINDS,Sinalizador052,vacina\minds\minds_12.mp4
vacina,MINDS,Sinalizador053,vacina\minds\minds_13.mp4
vacina,MINDS,Sinalizador054,vacina\minds\minds_14.mp4
vacina,MINDS,Sinalizador055,vacina\minds\minds_15.mp4
vacina,MINDS,Sinalizador061,vacina\minds\minds_16.mp4
vacina,MINDS,Sinalizador062,vacina\minds\minds_17.mp4
vacina,MINDS,Sinalizador063,vacina\minds\minds_18.mp4
vacina,MINDS,Sinalizador064,vacina\minds\minds_19.mp4
vacina,MINDS,Sinalizador065,vacina\minds\minds_20.mp4
vacina,MINDS,Sinalizador081,vacina\minds\minds_21.mp4
vacina,MINDS,Sinalizador082,vacina\minds\minds_22.mp4
vacina,MINDS,Sinalizador083,vacina\minds\minds_23.mp4
vacina,MINDS,Sinalizador084,vacina\minds\minds_24.mp4
vacina,MINDS,Sinalizador085,vacina\minds\minds_25.mp4
vacina,MINDS,Sinalizador101,vacina\minds\minds_26.mp4
vacina,MINDS,Sinalizador102,vacina\minds\minds_27.mp4
vacina,MINDS,Sinalizador103,vacina\minds\minds_28.mp4
vacina,MINDS,Sinalizador104,vacina\minds\minds_29.mp4
vacina,MINDS,Sinalizador105,vacina\minds\minds_30.mp4
vacina,MINDS,Sinalizador111,vacina\minds\minds_31.mp4
vacina,MINDS,Sinalizador112,vacina\minds\minds_32.mp4
vacina,MINDS,Sinalizador113,vacina\minds\minds_33.mp4
vacina,MINDS,Sinalizador114,vacina\minds\minds_34.mp4
vacina,MINDS,Sinalizador115,vacina\minds\minds_35.mp4
vacina,MINDS,Sinalizador121,vacina\minds\minds_36.mp4
vacina,MINDS,Sinalizador122,vacina\minds\minds_37.mp4
vacina,MINDS,Sinalizador123,vacina\minds\minds_38.mp4
vacina,MINDS,Sinalizador124,vacina\minds\minds_39.mp4
vacina,MINDS,Sinalizador125,vacina\minds\minds_40.mp4
vacina,MALTA,Acessibilidades3,vacina\malta\malta_01.mp4
vacina,MALTA,SpreadTheSign,vacina\malta\malta_02.mp4
vacina,MALTA,SpreadTheSign,vacina\malta\malta_03.mp4
vacina,MALTA,UFSC,vacina\malta\malta_04.mp4
vontade,MINDS,Sinalizador011,vontade\minds\minds_01.mp4
vontade,MINDS,Sinalizador012,vontade\minds\minds_02.mp4
vontade,MINDS,Sinalizador013,vontade\minds\minds_03.mp4
vontade,MINDS,Sinalizador014,vontade\minds\minds_04.mp4
vontade,MINDS,Sinalizador015,vontade\minds\minds_05.mp4
vontade,MINDS,Sinalizador021,vontade\minds\minds_06.mp4
vontade,MINDS,Sinalizador022,vontade\minds\minds_07.mp4
vontade,MINDS,Sinalizador023,vontade\minds\minds_08.mp4
vontade,MINDS,Sinalizador024,vontade\minds\minds_09.mp4
vontade,MINDS,Sinalizador025,vontade\minds\minds_10.mp4
vontade,MINDS,Sinalizador051,vontade\minds\minds_11.mp4
vontade,MINDS,Sinalizador052,vontade\minds\minds_12.mp4
vontade,MINDS,Sinalizador053,vontade\minds\minds_13.mp4
vontade,MINDS,Sinalizador054,vontade\minds\minds_14.mp4
vontade,MINDS,Sinalizador055,vontade\minds\minds_15.mp4
vontade,MINDS,Sinalizador061,vontade\minds\minds_16.mp4
vontade,MINDS,Sinalizador062,vontade\minds\minds_17.mp4
vontade,MINDS,Sinalizador063,vontade\minds\minds_18.mp4
vontade,MINDS,Sinalizador064,vontade\minds\minds_19.mp4
vontade,MINDS,Sinalizador065,vontade\minds\minds_20.mp4
vontade,MINDS,Sinalizador081,vontade\minds\minds_21.mp4
vontade,MINDS,Sinalizador082,vontade\minds\minds_22.mp4
vontade,MINDS,Sinalizador083,vontade\minds\minds_23.mp4
vontade,MINDS,Sinalizador084,vontade\minds\minds_24.mp4
vontade,MINDS,Sinalizador085,vontade\minds\minds_25.mp4
vontade,MINDS,Sinalizador101,vontade\minds\minds_26.mp4
vontade,MINDS,Sinalizador102,vontade\minds\minds_27.mp4
vontade,MINDS,Sinalizador103,vontade\minds\minds_28.mp4
vontade,MINDS,Sinalizador104,vontade\minds\minds_29.mp4
vontade,MINDS,Sinalizador105,vontade\minds\minds_30.mp4
vontade,MINDS,Sinalizador111,vontade\minds\minds_31.mp4
vontade,MINDS,Sinalizador112,vontade\minds\minds_32.mp4
vontade,MINDS,Sinalizador113,vontade\minds\minds_33.mp4
vontade,MINDS,Sinalizador114,vontade\minds\minds_34.mp4
vontade,MINDS,Sinalizador115,vontade\minds\minds_35.mp4
vontade,MINDS,Sinalizador121,vontade\minds\minds_36.mp4
vontade,MINDS,Sinalizador122,vontade\minds\minds_37.mp4
vontade,MINDS,Sinalizador123,vontade\minds\minds_38.mp4
vontade,MINDS,Sinalizador124,vontade\minds\minds_39.mp4
vontade,MINDS,Sinalizador125,vontade\minds\minds_40.mp4
vontade,MALTA,Acessibilidades3,vontade\malta\malta_01.mp4
vontade,MALTA,UFSC,vontade\malta\malta_02.mp4
